params,train_mse,val_mse,train_r2,val_r2
"{'max_depth': 10, 'n_estimators': 100}",0.019558484140406472,0.03158403296447181,0.8583775017884239,0.7708924350929747
"{'max_depth': 10, 'n_estimators': 50}",0.02015301303825944,0.031846879281446416,0.8540951568862738,0.769037540923242
"{'max_depth': 5, 'n_estimators': 100}",0.03274349464963943,0.037261134861439595,0.7629038486382184,0.7297898877480907
"{'max_depth': 5, 'n_estimators': 50}",0.03325991311612163,0.03797231205036372,0.7591709450694015,0.7245718131877583
